ID,ID_DET_DEMONSTRATIVO_REFERENCIA,PADRAO_CTACTB,SINAL
45292,5,2.1.01.01.000896,-1
45293,5,2.1.01.01.000897,-1
45294,5,2.1.01.01.000007,-1
45295,5,2.1.01.01.000005,-1
45296,5,2.1.01.01.000006,-1
45297,5,2.1.01.01.000899,-1
45298,5,2.1.01.01.000898,-1
45299,5,2.1.01.01.000004,-1
45300,5,2.1.01.01.000900,-1
45301,5,2.1.01.01.000008,-1
45302,5,2.1.01.02.000941,-1
45303,5,2.1.01.02.001290,-1
45304,5,2.1.01.02.000601,-1
45305,5,2.1.01.02.000391,-1
45306,5,2.1.01.02.000267,-1
45307,5,2.1.01.02.000583,-1
45308,5,2.1.01.02.000642,-1
45309,5,2.1.01.02.000019,-1
45310,5,2.1.01.02.000320,-1
45311,5,2.1.01.02.000817,-1
45312,5,2.1.01.02.001554,-1
45313,5,2.1.01.02.000848,-1
45314,5,2.1.01.02.000935,-1
45315,5,2.1.01.02.000198,-1
45316,5,2.1.01.02.000540,-1
45317,5,2.1.01.02.000468,-1
45318,5,2.1.01.02.000934,-1
45319,5,2.1.01.02.001116,-1
45320,5,2.1.01.02.000900,-1
45321,5,2.1.01.02.000710,-1
45322,5,2.1.01.02.000563,-1
45323,5,2.1.01.02.000382,-1
45324,5,2.1.01.02.000553,-1
45325,5,2.1.01.02.000834,-1
45326,5,2.1.01.02.000574,-1
45327,5,2.1.01.02.000313,-1
45328,5,2.1.01.02.000944,-1
45329,5,2.1.01.02.000768,-1
45330,5,2.1.01.02.001010,-1
45331,5,2.1.01.02.000009,-1
45332,5,2.1.01.02.001220,-1
45333,5,2.1.01.02.000148,-1
45334,5,2.1.01.02.000761,-1
45335,5,2.1.01.02.001276,-1
45336,5,2.1.01.02.001205,-1
45337,5,2.1.01.02.001123,-1
45338,5,2.1.01.02.001311,-1
45339,5,2.1.01.02.001345,-1
45340,5,2.1.01.02.001243,-1
45341,5,2.1.01.02.000389,-1
45342,5,2.1.01.02.001322,-1
45343,5,2.1.01.02.000894,-1
45344,5,2.1.01.02.000727,-1
45345,5,2.1.01.02.000225,-1
45346,5,2.1.01.02.001434,-1
45347,5,2.1.01.02.000893,-1
45348,5,2.1.01.02.000565,-1
45349,5,2.1.01.02.001281,-1
45350,5,2.1.01.02.000113,-1
45351,5,2.1.01.02.000053,-1
45352,5,2.1.01.02.001045,-1
45353,5,2.1.01.02.001343,-1
45354,5,2.1.01.02.000054,-1
45355,5,2.1.01.02.001380,-1
45356,5,2.1.01.02.001469,-1
45357,5,2.1.01.02.000515,-1
45358,5,2.1.01.02.001259,-1
45359,5,2.1.01.02.000056,-1
45360,5,2.1.01.02.000907,-1
45361,5,2.1.01.02.000381,-1
45362,5,2.1.01.02.000892,-1
45363,5,2.1.01.02.000226,-1
45364,5,2.1.01.02.001484,-1
45365,5,2.1.01.02.001563,-1
45366,5,2.1.01.02.000630,-1
45367,5,2.1.01.02.001053,-1
45368,5,2.1.01.02.001152,-1
45369,5,2.1.01.02.000308,-1
45370,5,2.1.01.02.001042,-1
45371,5,2.1.01.02.000460,-1
45372,5,2.1.01.02.000499,-1
45373,5,2.1.01.02.001720,-1
45374,5,2.1.01.02.000899,-1
45375,5,2.1.01.02.001051,-1
45376,5,2.1.01.02.000228,-1
45377,5,2.1.01.02.001588,-1
45378,5,2.1.01.02.000088,-1
45379,5,2.1.01.02.000870,-1
45380,5,2.1.01.02.001440,-1
45381,5,2.1.01.02.001610,-1
45382,5,2.1.01.02.000269,-1
45383,5,2.1.01.02.000169,-1
45384,5,2.1.01.02.001314,-1
45385,5,2.1.01.02.000251,-1
45386,5,2.1.01.02.001673,-1
45387,5,2.1.01.02.001493,-1
45388,5,2.1.01.02.000318,-1
45389,5,2.1.01.02.000753,-1
45390,5,2.1.01.02.001856,-1
45391,5,2.1.01.02.001857,-1
45392,5,2.1.01.02.000734,-1
45393,5,2.1.01.02.001668,-1
45394,5,2.1.01.02.001691,-1
45395,5,2.1.01.02.001074,-1
45396,5,2.1.01.02.000147,-1
45397,5,2.1.01.02.000217,-1
45398,5,2.1.01.02.001293,-1
45399,5,2.1.01.02.000473,-1
45400,5,2.1.01.02.001847,-1
45401,5,2.1.01.02.000990,-1
45402,5,2.1.01.02.001682,-1
45403,5,2.1.01.02.000998,-1
45404,5,2.1.01.02.001810,-1
45405,5,2.1.01.02.000824,-1
45406,5,2.1.01.02.001207,-1
45407,5,2.1.01.02.000331,-1
45408,5,2.1.01.02.001782,-1
45409,5,2.1.01.02.000034,-1
45410,5,2.1.01.02.000829,-1
45411,5,2.1.01.02.001444,-1
45412,5,2.1.01.02.000196,-1
45413,5,2.1.01.02.001765,-1
45414,5,2.1.01.02.001318,-1
45415,5,2.1.01.02.000043,-1
45416,5,2.1.01.02.001848,-1
45417,5,2.1.01.02.001621,-1
45418,5,2.1.01.02.000873,-1
45419,5,2.1.01.02.001802,-1
45420,5,2.1.01.02.000902,-1
45421,5,2.1.01.02.001369,-1
45422,5,2.1.01.02.001723,-1
45423,5,2.1.01.02.001078,-1
45424,5,2.1.01.02.001412,-1
45425,5,2.1.01.02.000735,-1
45426,5,2.1.01.02.001007,-1
45427,5,2.1.01.02.000349,-1
45428,5,2.1.01.02.000596,-1
45429,5,2.1.01.02.001772,-1
45430,5,2.1.01.02.002056,-1
45431,5,2.1.01.02.001686,-1
45432,5,2.1.01.02.001874,-1
45433,5,2.1.01.02.000648,-1
45434,5,2.1.01.02.002043,-1
45435,5,2.1.01.02.001910,-1
45436,5,2.1.01.02.000111,-1
45437,5,2.1.01.02.001670,-1
45438,5,2.1.01.02.001216,-1
45439,5,2.1.01.02.002016,-1
45440,5,2.1.01.02.000930,-1
45441,5,2.1.01.02.001818,-1
45442,5,2.1.01.02.001966,-1
45443,5,2.1.01.02.000234,-1
45444,5,2.1.01.02.000850,-1
45445,5,2.1.01.02.000427,-1
45446,5,2.1.01.02.000526,-1
45447,5,2.1.01.02.000825,-1
45448,5,2.1.01.02.000874,-1
45449,5,2.1.01.02.000513,-1
45450,5,2.1.01.02.000571,-1
45451,5,2.1.01.02.000471,-1
45452,5,2.1.01.02.001556,-1
45453,5,2.1.01.02.000653,-1
45454,5,2.1.01.02.000025,-1
45455,5,2.1.01.02.000885,-1
45456,5,2.1.01.02.000939,-1
45457,5,2.1.01.02.000184,-1
45458,5,2.1.01.02.000170,-1
45459,5,2.1.01.02.000857,-1
45460,5,2.1.01.02.000283,-1
45461,5,2.1.01.02.000806,-1
45462,5,2.1.01.02.001062,-1
45463,5,2.1.01.02.000593,-1
45464,5,2.1.01.02.000051,-1
45465,5,2.1.01.02.000229,-1
45466,5,2.1.01.02.000979,-1
45467,5,2.1.01.02.000879,-1
45468,5,2.1.01.02.000646,-1
45469,5,2.1.01.02.001087,-1
45470,5,2.1.01.02.000451,-1
45471,5,2.1.01.02.000813,-1
45472,5,2.1.01.02.000920,-1
45473,5,2.1.01.02.001203,-1
45474,5,2.1.01.02.000950,-1
45475,5,2.1.01.02.000605,-1
45476,5,2.1.01.02.000132,-1
45477,5,2.1.01.02.000725,-1
45478,5,2.1.01.02.000430,-1
45479,5,2.1.01.02.000289,-1
45480,5,2.1.01.02.000420,-1
45481,5,2.1.01.02.001342,-1
45482,5,2.1.01.02.001115,-1
45483,5,2.1.01.02.001223,-1
45484,5,2.1.01.02.001272,-1
45485,5,2.1.01.02.000174,-1
45486,5,2.1.01.02.000903,-1
45487,5,2.1.01.02.000445,-1
45488,5,2.1.01.02.000878,-1
45489,5,2.1.01.02.000790,-1
45490,5,2.1.01.02.000606,-1
45491,5,2.1.01.02.001237,-1
45492,5,2.1.01.02.000070,-1
45493,5,2.1.01.02.000180,-1
45494,5,2.1.01.02.000584,-1
45495,5,2.1.01.02.001474,-1
45496,5,2.1.01.02.000882,-1
45497,5,2.1.01.02.000307,-1
45498,5,2.1.01.02.001167,-1
45499,5,2.1.01.02.000465,-1
45500,5,2.1.01.02.000690,-1
45501,5,2.1.01.02.001356,-1
45502,5,2.1.01.02.001043,-1
45503,5,2.1.01.02.001130,-1
45504,5,2.1.01.02.001050,-1
45505,5,2.1.01.02.001849,-1
45506,5,2.1.01.02.001175,-1
45507,5,2.1.01.02.001439,-1
45508,5,2.1.01.02.000966,-1
45509,5,2.1.01.02.000106,-1
45510,5,2.1.01.02.001326,-1
45511,5,2.1.01.02.001138,-1
45512,5,2.1.01.02.001911,-1
45513,5,2.1.01.02.001233,-1
45514,5,2.1.01.02.001690,-1
45515,5,2.1.01.02.001724,-1
45516,5,2.1.01.02.000931,-1
45517,5,2.1.01.02.001289,-1
45518,5,2.1.01.02.001358,-1
45519,5,2.1.01.02.001238,-1
45520,5,2.1.01.02.000416,-1
45521,5,2.1.01.02.001124,-1
45522,5,2.1.01.02.001709,-1
45523,5,2.1.01.02.001867,-1
45524,5,2.1.01.02.001760,-1
45525,5,2.1.01.02.001757,-1
45526,5,2.1.01.02.001805,-1
45527,5,2.1.01.02.001711,-1
45528,5,2.1.01.02.001803,-1
45529,5,2.1.01.02.001142,-1
45530,5,2.1.01.02.001798,-1
45531,5,2.1.01.02.002007,-1
45532,5,2.1.01.02.000706,-1
45533,5,2.1.01.02.001826,-1
45534,5,2.1.01.02.001655,-1
45535,5,2.1.01.02.001947,-1
45536,5,2.1.01.02.002054,-1
45537,5,2.1.01.02.001916,-1
45538,5,2.1.01.02.001945,-1
45539,5,2.1.01.02.001585,-1
45540,5,2.1.01.02.001993,-1
45541,5,2.1.01.02.001771,-1
45542,5,2.1.01.02.002032,-1
45543,5,2.1.01.02.000803,-1
45544,5,2.1.01.02.000002,-1
45545,5,2.1.01.02.001033,-1
45546,5,2.1.01.02.000314,-1
45547,5,2.1.01.02.000294,-1
45548,5,2.1.01.02.001277,-1
45549,5,2.1.01.02.000556,-1
45550,5,2.1.01.02.001234,-1
45551,5,2.1.01.02.000783,-1
45552,5,2.1.01.02.000335,-1
45553,5,2.1.01.02.000863,-1
45554,5,2.1.01.02.000886,-1
45555,5,2.1.01.02.000403,-1
45556,5,2.1.01.02.000155,-1
45557,5,2.1.01.02.000324,-1
45558,5,2.1.01.02.001083,-1
45559,5,2.1.01.02.000887,-1
45560,5,2.1.01.02.001109,-1
45561,5,2.1.01.02.001022,-1
45562,5,2.1.01.02.001002,-1
45563,5,2.1.01.02.000102,-1
45564,5,2.1.01.02.000375,-1
45565,5,2.1.01.02.000194,-1
45566,5,2.1.01.02.001181,-1
45567,5,2.1.01.02.000997,-1
45568,5,2.1.01.02.001336,-1
45569,5,2.1.01.02.000274,-1
45570,5,2.1.01.02.001271,-1
45571,5,2.1.01.02.001612,-1
45572,5,2.1.01.02.000004,-1
45573,5,2.1.01.02.000666,-1
45574,5,2.1.01.02.001340,-1
45575,5,2.1.01.02.000812,-1
45576,5,2.1.01.02.001354,-1
45577,5,2.1.01.02.000799,-1
45578,5,2.1.01.02.001135,-1
45579,5,2.1.01.02.000413,-1
45580,5,2.1.01.02.001266,-1
45581,5,2.1.01.02.000390,-1
45582,5,2.1.01.02.001390,-1
45583,5,2.1.01.02.001297,-1
45584,5,2.1.01.02.001298,-1
45585,5,2.1.01.02.001327,-1
45586,5,2.1.01.02.001400,-1
45587,5,2.1.01.02.000736,-1
45588,5,2.1.01.02.001455,-1
45589,5,2.1.01.02.001453,-1
45590,5,2.1.01.02.001255,-1
45591,5,2.1.01.02.001573,-1
45592,5,2.1.01.02.001584,-1
45593,5,2.1.01.02.001202,-1
45594,5,2.1.01.02.001170,-1
45595,5,2.1.01.02.001659,-1
45596,5,2.1.01.02.001671,-1
45597,5,2.1.01.02.001753,-1
45598,5,2.1.01.02.001113,-1
45599,5,2.1.01.02.001624,-1
45600,5,2.1.01.02.001882,-1
45601,5,2.1.01.02.001880,-1
45602,5,2.1.01.02.002080,-1
45603,5,2.1.01.02.001839,-1
45604,5,2.1.01.02.001309,-1
45605,5,2.1.01.02.001907,-1
45606,5,2.1.01.02.001721,-1
45607,5,2.1.01.02.001983,-1
45608,5,2.1.01.02.000329,-1
45609,5,2.1.01.02.001706,-1
45610,5,2.1.01.02.001784,-1
45611,5,2.1.01.02.001211,-1
45612,5,2.1.01.02.000412,-1
45613,5,2.1.01.02.001244,-1
45614,5,2.1.01.02.001759,-1
45615,5,2.1.01.02.001101,-1
45616,5,2.1.01.02.001799,-1
45617,5,2.1.01.02.001965,-1
45618,5,2.1.01.02.002044,-1
45619,5,2.1.01.02.002060,-1
45620,5,2.1.01.02.002084,-1
45621,5,2.1.01.02.000773,-1
45622,5,2.1.01.02.002005,-1
45623,5,2.1.01.02.002010,-1
45624,5,2.1.01.02.001329,-1
45625,5,2.1.01.02.001067,-1
45626,5,2.1.01.02.000942,-1
45627,5,2.1.01.02.000904,-1
45628,5,2.1.01.02.001011,-1
45629,5,2.1.01.02.000789,-1
45630,5,2.1.01.02.000968,-1
45631,5,2.1.01.02.000960,-1
45632,5,2.1.01.02.000730,-1
45633,5,2.1.01.02.000480,-1
45634,5,2.1.01.02.000575,-1
45635,5,2.1.01.02.000910,-1
45636,5,2.1.01.02.000908,-1
45637,5,2.1.01.02.000137,-1
45638,5,2.1.01.02.000925,-1
45639,5,2.1.01.02.000452,-1
45640,5,2.1.01.02.000027,-1
45641,5,2.1.01.02.000045,-1
45642,5,2.1.01.02.000776,-1
45643,5,2.1.01.02.001037,-1
45644,5,2.1.01.02.001012,-1
45645,5,2.1.01.02.001247,-1
45646,5,2.1.01.02.001256,-1
45647,5,2.1.01.02.000888,-1
45648,5,2.1.01.02.000794,-1
45649,5,2.1.01.02.001308,-1
45650,5,2.1.01.02.001307,-1
45651,5,2.1.01.02.000033,-1
45652,5,2.1.01.02.000987,-1
45653,5,2.1.01.02.000422,-1
45654,5,2.1.01.02.000981,-1
45655,5,2.1.01.02.001454,-1
45656,5,2.1.01.02.000751,-1
45657,5,2.1.01.02.001177,-1
45658,5,2.1.01.02.001110,-1
45659,5,2.1.01.02.001169,-1
45660,5,2.1.01.02.001598,-1
45661,5,2.1.01.02.001225,-1
45662,5,2.1.01.02.000263,-1
45663,5,2.1.01.02.001876,-1
45664,5,2.1.01.02.001914,-1
45665,5,2.1.01.02.000729,-1
45666,5,2.1.01.02.001646,-1
45667,5,2.1.01.02.001683,-1
45668,5,2.1.01.02.001725,-1
45669,5,2.1.01.02.001791,-1
45670,5,2.1.01.02.000214,-1
45671,5,2.1.01.02.001239,-1
45672,5,2.1.01.02.001306,-1
45673,5,2.1.01.02.001976,-1
45674,5,2.1.01.02.001404,-1
45675,5,2.1.01.02.000651,-1
45676,5,2.1.01.02.001959,-1
45677,5,2.1.01.02.001901,-1
45678,5,2.1.01.02.000409,-1
45679,5,2.1.01.02.001878,-1
45680,5,2.1.01.02.001148,-1
45681,5,2.1.01.02.001912,-1
45682,5,2.1.01.02.001786,-1
45683,5,2.1.01.02.001795,-1
45684,5,2.1.01.02.001946,-1
45685,5,2.1.01.02.001041,-1
45686,5,2.1.01.02.001838,-1
45687,5,2.1.01.02.000076,-1
45688,5,2.1.01.02.001905,-1
45689,5,2.1.01.02.002048,-1
45690,5,2.1.01.02.001600,-1
45691,5,2.1.01.02.000693,-1
45692,5,2.1.01.02.000983,-1
45693,5,2.1.01.02.000683,-1
45694,5,2.1.01.02.000684,-1
45695,5,2.1.01.02.000358,-1
45696,5,2.1.01.02.000089,-1
45697,5,2.1.01.02.000455,-1
45698,5,2.1.01.02.001363,-1
45699,5,2.1.01.02.000777,-1
45700,5,2.1.01.02.000752,-1
45701,5,2.1.01.02.001184,-1
45702,5,2.1.01.02.001141,-1
45703,5,2.1.01.02.001111,-1
45704,5,2.1.01.02.000145,-1
45705,5,2.1.01.02.000342,-1
45706,5,2.1.01.02.001058,-1
45707,5,2.1.01.02.001338,-1
45708,5,2.1.01.02.001360,-1
45709,5,2.1.01.02.000338,-1
45710,5,2.1.01.02.001286,-1
45711,5,2.1.01.02.001558,-1
45712,5,2.1.01.02.000052,-1
45713,5,2.1.01.02.001324,-1
45714,5,2.1.01.02.001132,-1
45715,5,2.1.01.02.001396,-1
45716,5,2.1.01.02.001236,-1
45717,5,2.1.01.02.000098,-1
45718,5,2.1.01.02.001334,-1
45719,5,2.1.01.02.001171,-1
45720,5,2.1.01.02.000940,-1
45721,5,2.1.01.02.001305,-1
45722,5,2.1.01.02.001418,-1
45723,5,2.1.01.02.001632,-1
45724,5,2.1.01.02.001144,-1
45725,5,2.1.01.02.001660,-1
45726,5,2.1.01.02.001739,-1
45727,5,2.1.01.02.000967,-1
45728,5,2.1.01.02.001855,-1
45729,5,2.1.01.02.001982,-1
45730,5,2.1.01.02.000001,-1
45731,5,2.1.01.02.001790,-1
45732,5,2.1.01.02.000928,-1
45733,5,2.1.01.02.001842,-1
45734,5,2.1.01.02.002019,-1
45735,5,2.1.01.02.000149,-1
45736,5,2.1.01.02.001925,-1
45737,5,2.1.01.02.001920,-1
45738,5,2.1.01.02.001794,-1
45739,5,2.1.01.02.001900,-1
45740,5,2.1.01.02.001372,-1
45741,5,2.1.01.02.001828,-1
45742,5,2.1.01.02.002114,-1
45743,5,2.1.01.02.001299,-1
45744,5,2.1.01.02.000922,-1
45745,5,2.1.01.02.000046,-1
45746,5,2.1.01.02.000104,-1
45747,5,2.1.01.02.000300,-1
45748,5,2.1.01.02.001040,-1
45749,5,2.1.01.02.000897,-1
45750,5,2.1.01.02.000955,-1
45751,5,2.1.01.02.000504,-1
45752,5,2.1.01.02.000923,-1
45753,5,2.1.01.02.000672,-1
45754,5,2.1.01.02.001065,-1
45755,5,2.1.01.02.000649,-1
45756,5,2.1.01.02.000797,-1
45757,5,2.1.01.02.000555,-1
45758,5,2.1.01.02.000906,-1
45759,5,2.1.01.02.000999,-1
45760,5,2.1.01.02.001183,-1
45761,5,2.1.01.02.001157,-1
45762,5,2.1.01.02.001328,-1
45763,5,2.1.01.02.001091,-1
45764,5,2.1.01.02.000793,-1
45765,5,2.1.01.02.000311,-1
45766,5,2.1.01.02.000938,-1
45767,5,2.1.01.02.001003,-1
45768,5,2.1.01.02.000901,-1
45769,5,2.1.01.02.001409,-1
45770,5,2.1.01.02.001200,-1
45771,5,2.1.01.02.001127,-1
45772,5,2.1.01.02.001652,-1
45773,5,2.1.01.02.001426,-1
45774,5,2.1.01.02.001586,-1
45775,5,2.1.01.02.001590,-1
45776,5,2.1.01.02.001638,-1
45777,5,2.1.01.02.001644,-1
45778,5,2.1.01.02.001421,-1
45779,5,2.1.01.02.000747,-1
45780,5,2.1.01.02.000435,-1
45781,5,2.1.01.02.001654,-1
45782,5,2.1.01.02.001475,-1
45783,5,2.1.01.02.001705,-1
45784,5,2.1.01.02.000003,-1
45785,5,2.1.01.02.001713,-1
45786,5,2.1.01.02.001755,-1
45787,5,2.1.01.02.001191,-1
45788,5,2.1.01.02.001833,-1
45789,5,2.1.01.02.000644,-1
45790,5,2.1.01.02.000231,-1
45791,5,2.1.01.02.001560,-1
45792,5,2.1.01.02.001591,-1
45793,5,2.1.01.02.001626,-1
45794,5,2.1.01.02.001825,-1
45795,5,2.1.01.02.001918,-1
45796,5,2.1.01.02.001952,-1
45797,5,2.1.01.02.001174,-1
45798,5,2.1.01.02.001979,-1
45799,5,2.1.01.02.001020,-1
45800,5,2.1.01.02.000405,-1
45801,5,2.1.01.02.000884,-1
45802,5,2.1.01.02.000072,-1
45803,5,2.1.01.02.000378,-1
45804,5,2.1.01.02.000697,-1
45805,5,2.1.01.02.001025,-1
45806,5,2.1.01.02.000457,-1
45807,5,2.1.01.02.000360,-1
45808,5,2.1.01.02.001381,-1
45809,5,2.1.01.02.001337,-1
45810,5,2.1.01.02.000974,-1
45811,5,2.1.01.02.001325,-1
45812,5,2.1.01.02.001393,-1
45813,5,2.1.01.02.001330,-1
45814,5,2.1.01.02.001664,-1
45815,5,2.1.01.02.001718,-1
45816,5,2.1.01.02.001224,-1
45817,5,2.1.01.02.001589,-1
45818,5,2.1.01.02.001879,-1
45819,5,2.1.01.02.000780,-1
45820,5,2.1.01.02.001088,-1
45821,5,2.1.01.02.001582,-1
45822,5,2.1.01.02.001764,-1
45823,5,2.1.01.02.001935,-1
45824,5,2.1.01.02.001996,-1
45825,5,2.1.01.02.002013,-1
45826,5,2.1.01.02.001964,-1
45827,5,2.1.01.02.001943,-1
45828,5,2.1.01.02.001881,-1
45829,5,2.1.01.02.002081,-1
45830,5,2.1.01.02.001877,-1
45831,5,2.1.01.02.001973,-1
45832,5,2.1.01.02.001611,-1
45833,5,2.1.01.02.000827,-1
45834,5,2.1.01.02.000867,-1
45835,5,2.1.01.02.000663,-1
45836,5,2.1.01.02.001106,-1
45837,5,2.1.01.02.001084,-1
45838,5,2.1.01.02.001146,-1
45839,5,2.1.01.02.001332,-1
45840,5,2.1.01.02.001399,-1
45841,5,2.1.01.02.000355,-1
45842,5,2.1.01.02.001160,-1
45843,5,2.1.01.02.000936,-1
45844,5,2.1.01.02.000980,-1
45845,5,2.1.01.02.001627,-1
45846,5,2.1.01.02.001643,-1
45847,5,2.1.01.02.001746,-1
45848,5,2.1.01.02.001657,-1
45849,5,2.1.01.02.001565,-1
45850,5,2.1.01.02.001788,-1
45851,5,2.1.01.02.001737,-1
45852,5,2.1.01.02.001059,-1
45853,5,2.1.01.02.001684,-1
45854,5,2.1.01.02.001736,-1
45855,5,2.1.01.02.000122,-1
45856,5,2.1.01.02.000580,-1
45857,5,2.1.01.02.001960,-1
45858,5,2.1.01.02.001642,-1
45859,5,2.1.01.02.001382,-1
45860,5,2.1.01.02.001999,-1
45861,5,2.1.01.02.002062,-1
45862,5,2.1.01.02.001906,-1
45863,5,2.1.01.02.001000,-1
45864,5,2.1.01.02.000896,-1
45865,5,2.1.01.02.000643,-1
45866,5,2.1.01.02.000222,-1
45867,5,2.1.01.02.001190,-1
45868,5,2.1.01.02.001315,-1
45869,5,2.1.01.02.001260,-1
45870,5,2.1.01.02.001401,-1
45871,5,2.1.01.02.001362,-1
45872,5,2.1.01.02.001344,-1
45873,5,2.1.01.02.001461,-1
45874,5,2.1.01.02.001575,-1
45875,5,2.1.01.02.001913,-1
45876,5,2.1.01.02.001633,-1
45877,5,2.1.01.02.001862,-1
45878,5,2.1.01.02.001896,-1
45879,5,2.1.01.02.001962,-1
45880,5,2.1.01.02.001756,-1
45881,5,2.1.01.02.002064,-1
45882,5,2.1.01.02.001620,-1
45883,5,2.1.01.02.001944,-1
45884,5,2.1.01.02.001198,-1
45885,5,2.1.01.02.001032,-1
45886,5,2.1.01.02.000224,-1
45887,5,2.1.01.02.000397,-1
45888,5,2.1.01.02.000024,-1
45889,5,2.1.01.02.001265,-1
45890,5,2.1.01.02.001061,-1
45891,5,2.1.01.02.001317,-1
45892,5,2.1.01.02.000613,-1
45893,5,2.1.01.02.001420,-1
45894,5,2.1.01.02.001226,-1
45895,5,2.1.01.02.001391,-1
45896,5,2.1.01.02.001128,-1
45897,5,2.1.01.02.001571,-1
45898,5,2.1.01.02.001066,-1
45899,5,2.1.01.02.001639,-1
45900,5,2.1.01.02.001270,-1
45901,5,2.1.01.02.001758,-1
45902,5,2.1.01.02.001665,-1
45903,5,2.1.01.02.001892,-1
45904,5,2.1.01.02.001830,-1
45905,5,2.1.01.02.002071,-1
45906,5,2.1.01.02.002079,-1
45907,5,2.1.01.02.001989,-1
45908,5,2.1.01.02.002027,-1
45909,5,2.1.01.02.002033,-1
45910,5,2.1.01.02.001977,-1
45911,5,2.1.01.02.002122,-1
45912,5,2.1.01.02.001424,-1
45913,5,2.1.01.02.001252,-1
45914,5,2.1.01.02.000380,-1
45915,5,2.1.01.02.001122,-1
45916,5,2.1.01.02.001251,-1
45917,5,2.1.01.02.001359,-1
45918,5,2.1.01.02.001292,-1
45919,5,2.1.01.02.001481,-1
45920,5,2.1.01.02.000399,-1
45921,5,2.1.01.02.001587,-1
45922,5,2.1.01.02.001685,-1
45923,5,2.1.01.02.001767,-1
45924,5,2.1.01.02.001389,-1
45925,5,2.1.01.02.001436,-1
45926,5,2.1.01.02.001699,-1
45927,5,2.1.01.02.001783,-1
45928,5,2.1.01.02.001701,-1
45929,5,2.1.01.02.002004,-1
45930,5,2.1.01.02.002092,-1
45931,5,2.1.01.02.002049,-1
45932,5,2.1.01.02.002069,-1
45933,5,2.1.01.02.001034,-1
45934,5,2.1.01.02.001014,-1
45935,5,2.1.01.02.000664,-1
45936,5,2.1.01.02.000429,-1
45937,5,2.1.01.02.000946,-1
45938,5,2.1.01.02.000984,-1
45939,5,2.1.01.02.001178,-1
45940,5,2.1.01.02.000607,-1
45941,5,2.1.01.02.001261,-1
45942,5,2.1.01.02.001368,-1
45943,5,2.1.01.02.000769,-1
45944,5,2.1.01.02.001355,-1
45945,5,2.1.01.02.000808,-1
45946,5,2.1.01.02.000062,-1
45947,5,2.1.01.02.000786,-1
45948,5,2.1.01.02.001832,-1
45949,5,2.1.01.02.000544,-1
45950,5,2.1.01.02.001894,-1
45951,5,2.1.01.02.000890,-1
45952,5,2.1.01.02.001282,-1
45953,5,2.1.01.02.001268,-1
45954,5,2.1.01.02.001164,-1
45955,5,2.1.01.02.000986,-1
45956,5,2.1.01.02.000988,-1
45957,5,2.1.01.02.000792,-1
45958,5,2.1.01.02.000929,-1
45959,5,2.1.01.02.000924,-1
45960,5,2.1.01.02.000280,-1
45961,5,2.1.01.02.000947,-1
45962,5,2.1.01.02.000738,-1
45963,5,2.1.01.02.000561,-1
45964,5,2.1.01.02.001302,-1
45965,5,2.1.01.02.000419,-1
45966,5,2.1.01.02.001674,-1
45967,5,2.1.01.02.000463,-1
45968,5,2.1.01.02.001769,-1
45969,5,2.1.01.02.001430,-1
45970,5,2.1.01.02.001595,-1
45971,5,2.1.01.02.000875,-1
45972,5,2.1.01.02.001676,-1
45973,5,2.1.01.02.000333,-1
45974,5,2.1.01.02.000265,-1
45975,5,2.1.01.02.001963,-1
45976,5,2.1.01.02.002067,-1
45977,5,2.1.01.02.001908,-1
45978,5,2.1.01.02.000116,-1
45979,5,2.1.01.02.000707,-1
45980,5,2.1.01.02.000090,-1
45981,5,2.1.01.02.000554,-1
45982,5,2.1.01.02.000957,-1
45983,5,2.1.01.02.001241,-1
45984,5,2.1.01.02.000782,-1
45985,5,2.1.01.02.000353,-1
45986,5,2.1.01.02.001675,-1
45987,5,2.1.01.02.001296,-1
45988,5,2.1.01.02.001649,-1
45989,5,2.1.01.02.001564,-1
45990,5,2.1.01.02.001666,-1
45991,5,2.1.01.02.001616,-1
45992,5,2.1.01.02.001752,-1
45993,5,2.1.01.02.002098,-1
45994,5,2.1.01.02.002058,-1
45995,5,2.1.01.02.001797,-1
45996,5,2.1.01.02.001866,-1
45997,5,2.1.01.02.002023,-1
45998,5,2.1.01.02.002061,-1
45999,5,2.1.01.02.000078,-1
46000,5,2.1.01.02.000376,-1
46001,5,2.1.01.02.000989,-1
46002,5,2.1.01.02.000876,-1
46003,5,2.1.01.02.001121,-1
46004,5,2.1.01.02.001319,-1
46005,5,2.1.01.02.000833,-1
46006,5,2.1.01.02.001405,-1
46007,5,2.1.01.02.001120,-1
46008,5,2.1.01.02.001374,-1
46009,5,2.1.01.02.001222,-1
46010,5,2.1.01.02.001351,-1
46011,5,2.1.01.02.000518,-1
46012,5,2.1.01.02.001443,-1
46013,5,2.1.01.02.001448,-1
46014,5,2.1.01.02.000846,-1
46015,5,2.1.01.02.000368,-1
46016,5,2.1.01.02.001840,-1
46017,5,2.1.01.02.001641,-1
46018,5,2.1.01.02.001865,-1
46019,5,2.1.01.02.001921,-1
46020,5,2.1.01.02.001895,-1
46021,5,2.1.01.02.002011,-1
46022,5,2.1.01.02.002082,-1
46023,5,2.1.01.02.000488,-1
46024,5,2.1.01.02.000293,-1
46025,5,2.1.01.02.001204,-1
46026,5,2.1.01.02.000312,-1
46027,5,2.1.01.02.000261,-1
46028,5,2.1.01.02.000173,-1
46029,5,2.1.01.02.000719,-1
46030,5,2.1.01.02.000977,-1
46031,5,2.1.01.02.000996,-1
46032,5,2.1.01.02.001219,-1
46033,5,2.1.01.02.001316,-1
46034,5,2.1.01.02.001346,-1
46035,5,2.1.01.02.000975,-1
46036,5,2.1.01.02.001441,-1
46037,5,2.1.01.02.001576,-1
46038,5,2.1.01.02.001425,-1
46039,5,2.1.01.02.001438,-1
46040,5,2.1.01.02.001984,-1
46041,5,2.1.01.02.001693,-1
46042,5,2.1.01.02.001770,-1
46043,5,2.1.01.02.001816,-1
46044,5,2.1.01.02.002000,-1
46045,5,2.1.01.02.002055,-1
46046,5,2.1.01.02.002107,-1
46047,5,2.1.01.02.002046,-1
46048,5,2.1.01.02.002065,-1
46049,5,2.1.01.02.000948,-1
46050,5,2.1.01.02.001854,-1
46051,5,2.1.01.02.002025,-1
46052,5,2.1.01.02.001974,-1
46053,5,2.1.01.02.000610,-1
46054,5,2.1.01.02.000762,-1
46055,5,2.1.01.02.000481,-1
46056,5,2.1.01.02.001227,-1
46057,5,2.1.01.02.000972,-1
46058,5,2.1.01.02.001367,-1
46059,5,2.1.01.02.000849,-1
46060,5,2.1.01.02.001766,-1
46061,5,2.1.01.02.001629,-1
46062,5,2.1.01.02.001593,-1
46063,5,2.1.01.02.001417,-1
46064,5,2.1.01.02.001729,-1
46065,5,2.1.01.02.001613,-1
46066,5,2.1.01.02.001738,-1
46067,5,2.1.01.02.001873,-1
46068,5,2.1.01.02.001779,-1
46069,5,2.1.01.02.002094,-1
46070,5,2.1.01.02.001954,-1
46071,5,2.1.01.02.001957,-1
46072,5,2.1.01.02.001559,-1
46073,5,2.1.01.02.001172,-1
46074,5,2.1.01.02.000322,-1
46075,5,2.1.01.02.000958,-1
46076,5,2.1.01.02.001082,-1
46077,5,2.1.01.02.001137,-1
46078,5,2.1.01.02.000872,-1
46079,5,2.1.01.02.001376,-1
46080,5,2.1.01.02.001240,-1
46081,5,2.1.01.02.001143,-1
46082,5,2.1.01.02.001562,-1
46083,5,2.1.01.02.001689,-1
46084,5,2.1.01.02.001988,-1
46085,5,2.1.01.02.001599,-1
46086,5,2.1.01.02.001823,-1
46087,5,2.1.01.02.001822,-1
46088,5,2.1.01.02.001923,-1
46089,5,2.1.01.02.001852,-1
46090,5,2.1.01.02.002109,-1
46091,5,2.1.01.02.002100,-1
46092,5,2.1.01.02.001717,-1
46093,5,2.1.01.02.002119,-1
46094,5,2.1.01.02.000869,-1
46095,5,2.1.01.02.001195,-1
46096,5,2.1.01.02.001246,-1
46097,5,2.1.01.02.001300,-1
46098,5,2.1.01.02.001341,-1
46099,5,2.1.01.02.000371,-1
46100,5,2.1.01.02.001023,-1
46101,5,2.1.01.02.000578,-1
46102,5,2.1.01.02.001361,-1
46103,5,2.1.01.02.001619,-1
46104,5,2.1.01.02.001780,-1
46105,5,2.1.01.02.001751,-1
46106,5,2.1.01.02.001812,-1
46107,5,2.1.01.02.001048,-1
46108,5,2.1.01.02.001899,-1
46109,5,2.1.01.02.001801,-1
46110,5,2.1.01.02.002050,-1
46111,5,2.1.01.02.001968,-1
46112,5,2.1.01.02.002063,-1
46113,5,2.1.01.02.002091,-1
46114,5,2.1.01.02.000898,-1
46115,5,2.1.01.02.001009,-1
46116,5,2.1.01.02.001103,-1
46117,5,2.1.01.02.000976,-1
46118,5,2.1.01.02.000740,-1
46119,5,2.1.01.02.001035,-1
46120,5,2.1.01.02.001112,-1
46121,5,2.1.01.02.000982,-1
46122,5,2.1.01.02.001408,-1
46123,5,2.1.01.02.001486,-1
46124,5,2.1.01.02.001387,-1
46125,5,2.1.01.02.000186,-1
46126,5,2.1.01.02.002040,-1
46127,5,2.1.01.02.002018,-1
46128,5,2.1.01.02.001636,-1
46129,5,2.1.01.02.002111,-1
46130,5,2.1.01.02.002087,-1
46131,5,2.1.01.02.002117,-1
46132,5,2.1.01.02.001217,-1
46133,5,2.1.01.02.000845,-1
46134,5,2.1.01.02.001024,-1
46135,5,2.1.01.02.001206,-1
46136,5,2.1.01.02.001046,-1
46137,5,2.1.01.02.001663,-1
46138,5,2.1.01.02.001719,-1
46139,5,2.1.01.02.001707,-1
46140,5,2.1.01.02.001728,-1
46141,5,2.1.01.02.001692,-1
46142,5,2.1.01.02.001708,-1
46143,5,2.1.01.02.001815,-1
46144,5,2.1.01.02.001829,-1
46145,5,2.1.01.02.002028,-1
46146,5,2.1.01.02.002024,-1
46147,5,2.1.01.02.001975,-1
46148,5,2.1.01.02.000840,-1
46149,5,2.1.01.02.001197,-1
46150,5,2.1.01.02.000978,-1
46151,5,2.1.01.02.000030,-1
46152,5,2.1.01.02.001077,-1
46153,5,2.1.01.02.001006,-1
46154,5,2.1.01.02.001210,-1
46155,5,2.1.01.02.001134,-1
46156,5,2.1.01.02.001557,-1
46157,5,2.1.01.02.001742,-1
46158,5,2.1.01.02.001597,-1
46159,5,2.1.01.02.001656,-1
46160,5,2.1.01.02.001694,-1
46161,5,2.1.01.02.000154,-1
46162,5,2.1.01.02.001787,-1
46163,5,2.1.01.02.000450,-1
46164,5,2.1.01.02.001637,-1
46165,5,2.1.01.02.001980,-1
46166,5,2.1.01.02.001568,-1
46167,5,2.1.01.02.001163,-1
46168,5,2.1.01.02.000927,-1
46169,5,2.1.01.02.000150,-1
46170,5,2.1.01.02.001231,-1
46171,5,2.1.01.02.001301,-1
46172,5,2.1.01.02.000994,-1
46173,5,2.1.01.02.001333,-1
46174,5,2.1.01.02.001364,-1
46175,5,2.1.01.02.001076,-1
46176,5,2.1.01.02.001572,-1
46177,5,2.1.01.02.001821,-1
46178,5,2.1.01.02.002039,-1
46179,5,2.1.01.02.002017,-1
46180,5,2.1.01.02.002095,-1
46181,5,2.1.01.02.002115,-1
46182,5,2.1.01.02.000809,-1
46183,5,2.1.01.02.000964,-1
46184,5,2.1.01.02.001232,-1
46185,5,2.1.01.02.000748,-1
46186,5,2.1.01.02.001407,-1
46187,5,2.1.01.02.001375,-1
46188,5,2.1.01.02.001680,-1
46189,5,2.1.01.02.001909,-1
46190,5,2.1.01.02.001775,-1
46191,5,2.1.01.02.002108,-1
46192,5,2.1.01.02.002051,-1
46193,5,2.1.01.02.001291,-1
46194,5,2.1.01.02.002034,-1
46195,5,2.1.01.02.001274,-1
46196,5,2.1.01.02.000059,-1
46197,5,2.1.01.02.001047,-1
46198,5,2.1.01.02.001186,-1
46199,5,2.1.01.02.001352,-1
46200,5,2.1.01.02.000973,-1
46201,5,2.1.01.02.001625,-1
46202,5,2.1.01.02.001667,-1
46203,5,2.1.01.02.002001,-1
46204,5,2.1.01.02.001846,-1
46205,5,2.1.01.02.001844,-1
46206,5,2.1.01.02.001864,-1
46207,5,2.1.01.02.002012,-1
46208,5,2.1.01.02.001740,-1
46209,5,2.1.01.02.002031,-1
46210,5,2.1.01.02.002090,-1
46211,5,2.1.01.02.001955,-1
46212,5,2.1.01.02.000765,-1
46213,5,2.1.01.02.000557,-1
46214,5,2.1.01.02.001242,-1
46215,5,2.1.01.02.000953,-1
46216,5,2.1.01.02.000750,-1
46217,5,2.1.01.02.000404,-1
46218,5,2.1.01.02.001773,-1
46219,5,2.1.01.02.001807,-1
46220,5,2.1.01.02.001594,-1
46221,5,2.1.01.02.002103,-1
46222,5,2.1.01.02.002029,-1
46223,5,2.1.01.02.002045,-1
46224,5,2.1.01.02.001031,-1
46225,5,2.1.01.02.000091,-1
46226,5,2.1.01.02.000963,-1
46227,5,2.1.01.02.001199,-1
46228,5,2.1.01.02.000383,-1
46229,5,2.1.01.02.001445,-1
46230,5,2.1.01.02.001577,-1
46231,5,2.1.01.02.001904,-1
46232,5,2.1.01.02.001722,-1
46233,5,2.1.01.02.001800,-1
46234,5,2.1.01.02.002006,-1
46235,5,2.1.01.02.001994,-1
46236,5,2.1.01.02.001555,-1
46237,5,2.1.01.02.000069,-1
46238,5,2.1.01.02.001086,-1
46239,5,2.1.01.02.001269,-1
46240,5,2.1.01.02.001451,-1
46241,5,2.1.01.02.001570,-1
46242,5,2.1.01.02.001615,-1
46243,5,2.1.01.02.001785,-1
46244,5,2.1.01.02.002073,-1
46245,5,2.1.01.02.000814,-1
46246,5,2.1.01.02.001165,-1
46247,5,2.1.01.02.001189,-1
46248,5,2.1.01.02.001013,-1
46249,5,2.1.01.02.001347,-1
46250,5,2.1.01.02.001313,-1
46251,5,2.1.01.02.001432,-1
46252,5,2.1.01.02.001463,-1
46253,5,2.1.01.02.001442,-1
46254,5,2.1.01.02.001827,-1
46255,5,2.1.01.02.002076,-1
46256,5,2.1.01.02.001897,-1
46257,5,2.1.01.02.001450,-1
46258,5,2.1.01.02.001951,-1
46259,5,2.1.01.02.001919,-1
46260,5,2.1.01.02.000778,-1
46261,5,2.1.01.02.000109,-1
46262,5,2.1.01.02.000202,-1
46263,5,2.1.01.02.001129,-1
46264,5,2.1.01.02.001350,-1
46265,5,2.1.01.02.000474,-1
46266,5,2.1.01.02.001431,-1
46267,5,2.1.01.02.001357,-1
46268,5,2.1.01.02.001561,-1
46269,5,2.1.01.02.001546,-1
46270,5,2.1.01.02.001653,-1
46271,5,2.1.01.02.000585,-1
46272,5,2.1.01.02.001777,-1
46273,5,2.1.01.02.001796,-1
46274,5,2.1.01.02.002066,-1
46275,5,2.1.01.02.001956,-1
46276,5,2.1.01.02.001948,-1
46277,5,2.1.01.02.002026,-1
46278,5,2.1.01.02.000246,-1
46279,5,2.1.01.02.000746,-1
46280,5,2.1.01.02.001681,-1
46281,5,2.1.01.02.001868,-1
46282,5,2.1.01.02.002053,-1
46283,5,2.1.01.02.001991,-1
46284,5,2.1.01.02.002038,-1
46285,5,2.1.01.02.002112,-1
46286,5,2.1.01.02.000933,-1
46287,5,2.1.01.02.001323,-1
46288,5,2.1.01.02.000826,-1
46289,5,2.1.01.02.001884,-1
46290,5,2.1.01.02.001789,-1
46291,5,2.1.01.02.001640,-1
46292,5,2.1.01.02.002083,-1
46293,5,2.1.01.02.002042,-1
46294,5,2.1.01.02.001467,-1
46295,5,2.1.01.02.002030,-1
46296,5,2.1.01.02.002131,-1
46297,5,2.1.01.02.001702,-1
46298,5,2.1.01.02.000842,-1
46299,5,2.1.01.02.000961,-1
46300,5,2.1.01.02.001435,-1
46301,5,2.1.01.02.000393,-1
46302,5,2.1.01.02.000316,-1
46303,5,2.1.01.02.001566,-1
46304,5,2.1.01.02.002078,-1
46305,5,2.1.01.02.002014,-1
46306,5,2.1.01.02.001998,-1
46307,5,2.1.01.02.000065,-1
46308,5,2.1.01.02.000889,-1
46309,5,2.1.01.02.001280,-1
46310,5,2.1.01.02.001295,-1
46311,5,2.1.01.02.000038,-1
46312,5,2.1.01.02.001303,-1
46313,5,2.1.01.02.001018,-1
46314,5,2.1.01.02.001569,-1
46315,5,2.1.01.02.001987,-1
46316,5,2.1.01.02.001553,-1
46317,5,2.1.01.02.001378,-1
46318,5,2.1.01.02.001922,-1
46319,5,2.1.01.02.002106,-1
46320,5,2.1.01.02.001433,-1
46321,5,2.1.01.02.001257,-1
46322,5,2.1.01.02.000152,-1
46323,5,2.1.01.02.001321,-1
46324,5,2.1.01.02.001373,-1
46325,5,2.1.01.02.001026,-1
46326,5,2.1.01.02.001464,-1
46327,5,2.1.01.02.001628,-1
46328,5,2.1.01.02.001834,-1
46329,5,2.1.01.02.001824,-1
46330,5,2.1.01.02.002037,-1
46331,5,2.1.01.02.002072,-1
46332,5,2.1.01.02.000970,-1
46333,5,2.1.01.02.001019,-1
46334,5,2.1.01.02.001253,-1
46335,5,2.1.01.02.001687,-1
46336,5,2.1.01.02.001411,-1
46337,5,2.1.01.02.001870,-1
46338,5,2.1.01.02.001735,-1
46339,5,2.1.01.02.002110,-1
46340,5,2.1.01.02.002102,-1
46341,5,2.1.01.02.002120,-1
46342,5,2.1.01.02.000425,-1
46343,5,2.1.01.02.001482,-1
46344,5,2.1.01.02.001452,-1
46345,5,2.1.01.02.001581,-1
46346,5,2.1.01.02.001859,-1
46347,5,2.1.01.02.002088,-1
46348,5,2.1.01.02.001917,-1
46349,5,2.1.01.02.000567,-1
46350,5,2.1.01.02.001017,-1
46351,5,2.1.01.02.001479,-1
46352,5,2.1.01.02.001688,-1
46353,5,2.1.01.02.000949,-1
46354,5,2.1.01.02.000843,-1
46355,5,2.1.01.02.001898,-1
46356,5,2.1.01.02.001726,-1
46357,5,2.1.01.02.001733,-1
46358,5,2.1.01.02.001986,-1
46359,5,2.1.01.02.000188,-1
46360,5,2.1.01.02.000905,-1
46361,5,2.1.01.02.001294,-1
46362,5,2.1.01.02.001410,-1
46363,5,2.1.01.02.000133,-1
46364,5,2.1.01.02.002059,-1
46365,5,2.1.01.02.002113,-1
46366,5,2.1.01.02.000715,-1
46367,5,2.1.01.02.001114,-1
46368,5,2.1.01.02.001021,-1
46369,5,2.1.01.02.001403,-1
46370,5,2.1.01.02.000592,-1
46371,5,2.1.01.02.001592,-1
46372,5,2.1.01.02.001672,-1
46373,5,2.1.01.02.001814,-1
46374,5,2.1.01.02.001734,-1
46375,5,2.1.01.02.002057,-1
46376,5,2.1.01.02.002015,-1
46377,5,2.1.01.02.001385,-1
46378,5,2.1.01.02.001422,-1
46379,5,2.1.01.02.000175,-1
46380,5,2.1.01.02.000895,-1
46381,5,2.1.01.02.001392,-1
46382,5,2.1.01.02.001015,-1
46383,5,2.1.01.02.001192,-1
46384,5,2.1.01.02.001402,-1
46385,5,2.1.01.02.002008,-1
46386,5,2.1.01.02.002104,-1
46387,5,2.1.01.02.001950,-1
46388,5,2.1.01.02.001229,-1
46389,5,2.1.01.02.001275,-1
46390,5,2.1.01.02.001039,-1
46391,5,2.1.01.02.000386,-1
46392,5,2.1.01.02.001661,-1
46393,5,2.1.01.02.001745,-1
46394,5,2.1.01.02.001578,-1
46395,5,2.1.01.02.001863,-1
46396,5,2.1.01.02.000921,-1
46397,5,2.1.01.02.000956,-1
46398,5,2.1.01.02.001781,-1
46399,5,2.1.01.02.001650,-1
46400,5,2.1.01.02.001749,-1
46401,5,2.1.01.02.002021,-1
46402,5,2.1.01.02.002022,-1
46403,5,2.1.01.02.001339,-1
46404,5,2.1.01.02.001617,-1
46405,5,2.1.01.02.001623,-1
46406,5,2.1.01.02.001712,-1
46407,5,2.1.01.02.001811,-1
46408,5,2.1.01.02.002077,-1
46409,5,2.1.01.02.001978,-1
46410,5,2.1.01.02.001140,-1
46411,5,2.1.01.02.001806,-1
46412,5,2.1.01.02.001809,-1
46413,5,2.1.01.02.001716,-1
46414,5,2.1.01.02.001778,-1
46415,5,2.1.01.02.001953,-1
46416,5,2.1.01.02.001214,-1
46417,5,2.1.01.02.001574,-1
46418,5,2.1.01.02.001992,-1
46419,5,2.1.01.02.000543,-1
46420,5,2.1.01.02.001320,-1
46421,5,2.1.01.02.001635,-1
46422,5,2.1.01.02.001820,-1
46423,5,2.1.01.02.000492,-1
46424,5,2.1.01.02.001924,-1
46425,5,2.1.01.02.001961,-1
46426,5,2.1.01.02.002068,-1
46427,5,2.1.01.02.002020,-1
46428,5,2.1.01.02.002118,-1
46429,5,2.1.01.02.000050,-1
46430,5,2.1.01.02.001419,-1
46431,5,2.1.01.02.001468,-1
46432,5,2.1.01.02.001583,-1
46433,5,2.1.01.02.001651,-1
46434,5,2.1.01.02.001776,-1
46435,5,2.1.01.02.001869,-1
46436,5,2.1.01.02.001858,-1
46437,5,2.1.01.02.001967,-1
46438,5,2.1.01.02.002097,-1
46439,5,2.1.01.02.001860,-1
46440,5,2.1.01.02.001990,-1
46441,5,2.1.01.02.001166,-1
46442,5,2.1.01.02.000396,-1
46443,5,2.1.01.02.001016,-1
46444,5,2.1.01.02.001052,-1
46445,5,2.1.01.02.001098,-1
46446,5,2.1.01.02.001027,-1
46447,5,2.1.01.02.001462,-1
46448,5,2.1.01.02.001618,-1
46449,5,2.1.01.02.001744,-1
46450,5,2.1.01.02.001985,-1
46451,5,2.1.01.02.001958,-1
46452,5,2.1.01.02.002089,-1
46453,5,2.1.01.02.001398,-1
46454,5,2.1.01.02.000708,-1
46455,5,2.1.01.02.001630,-1
46456,5,2.1.01.02.001596,-1
46457,5,2.1.01.02.002070,-1
46458,5,2.1.01.02.001972,-1
46459,5,2.1.01.02.001005,-1
46460,5,2.1.01.02.002132,-1
46461,5,2.1.01.02.001267,-1
46462,5,2.1.01.02.002093,-1
46463,5,2.1.01.02.002125,-1
46464,5,2.1.01.02.001068,-1
46465,5,2.1.01.02.000993,-1
46466,5,2.1.01.02.001370,-1
46467,5,2.1.01.02.001044,-1
46468,5,2.1.01.02.001861,-1
46469,5,2.1.01.02.001997,-1
46470,5,2.1.01.02.002035,-1
46471,5,2.1.01.02.001662,-1
46472,5,2.1.01.02.001715,-1
46473,5,2.1.01.02.001768,-1
46474,5,2.1.01.02.001774,-1
46475,5,2.1.01.02.000911,-1
46476,5,2.1.01.02.002003,-1
46477,5,2.1.01.02.002036,-1
46478,5,2.1.01.02.001004,-1
46479,5,2.1.01.02.002047,-1
46480,5,2.1.01.02.001703,-1
46481,5,2.1.01.02.001631,-1
46482,5,2.1.01.02.001727,-1
46483,5,2.1.01.02.001808,-1
46484,5,2.1.01.02.001843,-1
46485,5,2.1.01.02.001853,-1
46486,5,2.1.01.02.001970,-1
46487,5,2.1.01.02.001159,-1
46488,5,2.1.01.02.001614,-1
46489,5,2.1.01.02.001845,-1
46490,5,2.1.01.02.001567,-1
46491,5,2.1.01.02.001580,-1
46492,5,2.1.01.02.001634,-1
46493,5,2.1.01.02.001710,-1
46494,5,2.1.01.02.001831,-1
46495,5,2.1.01.02.002002,-1
46496,5,2.1.01.02.001804,-1
46497,5,2.1.01.02.001995,-1
46498,5,2.1.01.02.001949,-1
46499,5,2.1.01.02.001969,-1
46500,5,2.1.01.02.001459,-1
46501,5,2.1.01.02.001747,-1
46502,5,2.1.01.02.001748,-1
46503,5,2.1.01.02.001750,-1
46504,5,2.1.01.02.001883,-1
46505,5,2.1.01.02.002075,-1
46506,5,2.1.01.02.001118,-1
46507,5,2.1.01.02.001741,-1
46508,5,2.1.01.02.001743,-1
46509,5,2.1.01.02.001754,-1
46510,5,2.1.01.02.001245,-1
46511,5,2.1.01.02.000962,-1
46512,5,2.1.01.02.001579,-1
46513,5,2.1.01.02.001915,-1
46514,5,2.1.01.02.001413,-1
46515,5,2.1.01.02.001793,-1
46516,5,2.1.01.02.001971,-1
46517,5,2.1.01.02.002116,-1
